,runid,trainsize,testsize,testdistribution,lasso,ridge,rf,xgb
0,Phoenix,691,114,"+:38,0:16,-:60",4.39876548687289,4.380087455332925,4.458642985957305,4.219574484291978
0,Indy500,580,225,"+:82,0:47,-:96",5.630328213201292,5.351745379505513,5.781627722778614,5.850635411555083
0,Texas,678,127,"+:39,0:34,-:54",3.840843227703528,3.708708728892708,4.213285327208323,4.066606606338511
0,Iowa,696,109,"+:42,0:28,-:39",3.739746633872453,3.8820627126684686,4.885988703486882,4.767700911061536
0,Pocono,679,126,"+:29,0:61,-:36",7.996731983200048,9.188668955076784,4.057119701713271,4.054176204961591
0,Gateway,701,104,"+:34,0:28,-:42",2.837333124013669,2.7335550200268695,3.473190596125632,3.158113001543988
