,runid,trainsize,testsize,testdistribution,currank,avgrank,dice,lasso,ridge,rf,svr,xgb
0,Phoenix,691,114,"+:38,0:16,-:60",4.734161034624233,5.606405588764605,7.008766440504624,4.447983784179931,4.415061964791838,4.544965114798665,4.672829549593295,4.293633412045001
0,Indy500,580,225,"+:82,0:47,-:96",6.1651349449050095,6.936325261791734,7.5451235171393245,5.6545679087800895,5.4920277020249255,5.73933674061927,6.1357082969855,5.750406002645561
0,Texas,678,127,"+:39,0:34,-:54",4.257462184443745,5.478100358171716,6.7263730559781605,3.786871388972292,3.7711940313493124,4.0136968252129375,4.117685598611466,4.076657170713856
0,Iowa,696,109,"+:42,0:28,-:39",3.9816090979871834,5.800698365811855,6.453076927703743,3.738325053817815,3.830664757482019,4.066765163994913,3.9155879689436435,4.118872158006953
0,Pocono,679,126,"+:29,0:61,-:36",2.475274555879434,2.9285324927971113,5.611071821330305,2.498791914136644,2.57222301203175,3.2493077406812043,2.3403465995860135,3.019592243527216
0,Gateway,701,104,"+:34,0:28,-:42",3.4123643957278023,4.3013302951171175,5.885934995328335,3.0861526488844238,3.075080944891259,3.486319830643549,3.352309475233579,3.3141655078978376
