,Year,Model,ExpID,laptype,Top1Acc,MAE,50-Risk,90-Risk
0,2018,Transformer,weighted-noinlap-S0LTYP0T-nocate-c60-drank-oracle,all,0.7180851063825968,1.3936329588014982,0.09983924132713717,0.09901981519507189
1,2018,Transformer,weighted-noinlap-S0LTYP0T-nocate-c60-drank-oracle,normal,0.8787878787865473,0.3336755646817248,0.02345197880738187,0.023035394516943433
2,2018,Transformer,weighted-noinlap-S0LTYP0T-nocate-c60-drank-oracle,pit,0.6311475409830892,2.0023584905660377,0.14664081392562253,0.14557457136010107
