,runid,trainsize,testsize,testdistribution,currank,avgrank,dice,lr,lsvc,lsvcl2,rf,lrbias,xgb
0,Indy500-2013,1146,166,"+:76,0:34,-:56",0.20481927710843373,0.46987951807228917,0.3493975903614458,0.6867469879518072,0.6987951807228916,0.6626506024096386,0.7048192771084337,0.6686746987951807,0.6566265060240963
0,Indy500-2014,1117,195,"+:108,0:43,-:44",0.2205128205128205,0.4564102564102564,0.38461538461538464,0.6410256410256411,0.6871794871794872,0.6205128205128205,0.6666666666666666,0.6410256410256411,0.5897435897435898
0,Indy500-2015,1145,167,"+:74,0:41,-:52",0.24550898203592814,0.4251497005988024,0.2694610778443114,0.5508982035928144,0.5688622754491018,0.5449101796407185,0.6047904191616766,0.562874251497006,0.6107784431137725
0,Indy500-2016,1086,226,"+:84,0:44,-:98",0.19469026548672566,0.4026548672566372,0.34513274336283184,0.5353982300884956,0.588495575221239,0.46017699115044247,0.5707964601769911,0.5442477876106194,0.6106194690265486
0,Indy500-2017,1097,215,"+:64,0:76,-:75",0.35348837209302325,0.386046511627907,0.33488372093023255,0.3813953488372093,0.4232558139534884,0.49767441860465117,0.5441860465116279,0.3813953488372093,0.5069767441860465
0,Indy500-2018,1153,159,"+:92,0:44,-:23",0.27672955974842767,0.4591194968553459,0.39622641509433965,0.7044025157232704,0.7358490566037735,0.7044025157232704,0.6792452830188679,0.6918238993710691,0.6729559748427673
0,Indy500-2019,1128,184,"+:96,0:42,-:46",0.22826086956521738,0.4673913043478261,0.30978260869565216,0.6793478260869565,0.625,0.3532608695652174,0.6684782608695652,0.6793478260869565,0.6304347826086957
