,runid,trainsize,testsize,testdistribution,currank,avgrank,dice,lr,lrl1,lsvc,lsvcl2,rf,lrbias,xgb
0,stage0,153,652,"+:221,0:167,-:264",0.2561349693251534,0.3128834355828221,0.36349693251533743,0.4647239263803681,0.450920245398773,0.41411042944785276,0.3726993865030675,0.3834355828220859,0.44785276073619634,0.3558282208588957
0,stage1,288,517,"+:186,0:136,-:195",0.26305609284332687,0.30754352030947774,0.3520309477756286,0.344294003868472,0.3655705996131528,0.3404255319148936,0.31721470019342357,0.42166344294003866,0.34622823984526113,0.425531914893617
0,stage2,421,384,"+:140,0:112,-:132",0.2916666666666667,0.2630208333333333,0.3177083333333333,0.3984375,0.390625,0.421875,0.3671875,0.4244791666666667,0.3984375,0.4661458333333333
0,stage3,547,258,"+:91,0:89,-:78",0.3449612403100775,0.22868217054263565,0.3333333333333333,0.437984496124031,0.42248062015503873,0.437984496124031,0.36046511627906974,0.43410852713178294,0.43023255813953487,0.44573643410852715
0,stage4,657,148,"+:48,0:53,-:47",0.3581081081081081,0.20945945945945946,0.34459459459459457,0.4864864864864865,0.5,0.5135135135135135,0.42567567567567566,0.47297297297297297,0.49324324324324326,0.4797297297297297
0,stage5,725,80,"+:26,0:29,-:25",0.3625,0.2,0.325,0.525,0.525,0.525,0.525,0.5,0.5,0.5875
0,stage6,767,38,"+:11,0:13,-:14",0.34210526315789475,0.23684210526315788,0.2631578947368421,0.3684210526315789,0.39473684210526316,0.4473684210526316,0.34210526315789475,0.47368421052631576,0.42105263157894735,0.5
0,stage7,789,16,"+:4,0:4,-:8",0.25,0.1875,0.3125,0.1875,0.3125,0.3125,0.25,0.5,0.1875,0.4375
