,runid,trainsize,testsize,testdistribution,currank,avgrank,dice,lasso,ridge,rf,svr,xgb
0,stage0,153,652,"+:221,0:167,-:264",4.7477795908134555,5.870429231324249,6.158315242480436,4.852986279790042,4.960881785913401,5.02781392689065,4.755544648603732,5.130540579017229
0,stage1,288,517,"+:186,0:136,-:195",4.682987028044771,5.526301532846013,6.856642009893584,4.270438664274796,4.510826520231493,4.595698287161058,4.744955287515142,4.928826348633064
0,stage2,421,384,"+:140,0:112,-:132",4.903761311483258,5.681357594945354,7.0517063537841675,4.543632977716272,4.617479450744164,4.597718325657122,4.980097815119024,4.755490448462166
0,stage3,547,258,"+:91,0:89,-:78",4.734419571834603,5.541856242581209,7.011065451105839,4.699385842233381,4.7584056145966525,4.672374527039782,4.8107619939376765,5.175445387118987
0,stage4,657,148,"+:48,0:53,-:47",4.914814890248198,5.646989728279184,6.450434722412754,4.491932562692231,4.519653112410308,4.6923152384827365,4.951282343920851,4.664548264237668
0,stage5,725,80,"+:26,0:29,-:25",5.054700782440045,5.848562283492211,6.650187967268294,4.37417584136352,4.331226444135973,4.990361585095814,5.076616750945031,4.487229891524542
0,stage6,767,38,"+:11,0:13,-:14",3.8525452967042315,4.358174467735937,7.174516304987139,2.7267646414583,2.6246488271887087,4.206697667191915,3.85076192815493,3.181816533213104
0,stage7,789,16,"+:4,0:4,-:8",2.680951323690902,3.045832066676536,5.994789404140899,1.7282397747852347,1.6700277655734201,3.4114494719986697,2.686300231101644,2.7068424548563472
