,runid,trainsize,testsize,testdistribution,lasso,ridge,rf,xgb
0,stage0,153,652,"+:221,0:167,-:264",-0.045139228382684804,-0.09212859528301243,-0.1179226087511156,-0.1681060566878183
0,stage1,288,517,"+:186,0:136,-:195",-0.0011459530848372257,0.0020993454967210834,-0.22979169694910584,-0.3980447921155994
0,stage2,421,384,"+:140,0:112,-:132",0.07513602550702658,0.10356283195566085,-0.061201192387933645,-0.11053542804626515
0,stage3,547,258,"+:91,0:89,-:78",0.012363841539583587,-0.02047524737234574,0.007918790594573344,-0.07832690222942817
0,stage4,657,148,"+:48,0:53,-:47",-0.04732808690072088,0.1770863778489955,0.07136941112070139,0.057489531133786964
0,stage5,725,80,"+:26,0:29,-:25",0.16390211437640423,0.3446079998675762,-0.042275962816492596,0.11167168401087091
0,stage6,767,38,"+:11,0:13,-:14",0.24957266039834225,0.4280553747617397,-0.14160511870667847,-0.7764441615759388
0,stage7,789,16,"+:4,0:4,-:8",-0.12103070214986222,0.34573083263328275,-0.1963945883073155,-0.28988392404679075
