,runid,trainsize,testsize,testdistribution,currank,avgrank,dice,lasso,ridge,rf,svr,xgb
0,stage0,153,652,"+:221,0:167,-:264",-0.0003157811554126422,-0.5293107306077312,-0.6829834878294814,-0.045139228382684804,-0.09212859528375295,-0.10978258927811813,-0.012810133629569842,-0.1681060566878183
0,stage1,288,517,"+:186,0:136,-:195",-0.0009863438508053157,-0.3939634880680045,-1.145878821100518,-36.74331106464999,-52.58284260297962,-0.11388086441699663,-0.0386715102711499,-0.3090554076779093
0,stage2,421,384,"+:140,0:112,-:132",-0.005719160947694757,-0.3499644420672674,-1.0797278945523319,0.03820541938087463,-0.12314684688718325,0.10955190595207975,-0.04093426089729646,0.04855776350845342
0,stage3,547,258,"+:91,0:89,-:78",-0.01951617168436548,-0.3969187426673586,-1.2357779853538173,-0.037509303805635996,-0.0175038594585617,0.07079406226233442,-0.057626000780636844,-0.13497761673367248
0,stage4,657,148,"+:48,0:53,-:47",-0.008556816383949117,-0.3314351976630865,-0.7372567483335271,0.011357362506626445,0.004605855058677388,0.14451220428088618,-0.023810478837394067,-0.04044885539953724
0,stage5,725,80,"+:26,0:29,-:25",-0.0041512122030902265,-0.34433173476996926,-0.7381051804180692,0.11225611356341136,0.17088193655380812,0.18921451204834072,-0.013473404717503357,-1.0605071817826328e-05
0,stage6,767,38,"+:11,0:13,-:14",-0.0007471049682481468,-0.28067242688314864,-2.4706761299962645,0.11579133971507449,0.261468773703287,0.33954381770638775,-0.0009493189285934012,0.1083640889821299
0,stage7,789,16,"+:4,0:4,-:8",-0.01377410468319562,-0.30850457436316003,-4.068870523415978,0.315364423153938,0.030077047555627456,-0.06493179063360888,-0.0013360353887652554,-0.5143048634057217
