,runid,trainsize,testsize,testdistribution,currank,avgrank,dice,lasso,ridge,rf,svr,xgb
0,Indy500-2013,1147,166,"+:56,0:29,-:81",5.018072289156627,6.585821858864028,6.837349397590361,4.812383618685299,5.051717612670528,4.8185542168674695,4.852956993146497,4.915279085736677
0,Indy500-2014,1118,195,"+:58,0:29,-:108",2.805128205128205,3.815659340659341,5.4512820512820515,3.075516279644055,3.173665285544562,3.6877435897435897,2.739079527190042,4.098576977466926
0,Indy500-2015,1146,167,"+:63,0:26,-:78",3.8622754491017965,5.005168234958654,6.161676646706587,3.6719692053410515,3.7911305639793444,3.8387425149700594,3.691637135275252,4.157183357520018
0,Indy500-2016,1087,226,"+:79,0:36,-:111",4.438053097345133,5.405334316617503,6.535398230088496,4.161168814093358,4.353652297335232,4.073938053097345,4.248965175136926,4.181070198263742
0,Indy500-2017,1098,215,"+:64,0:59,-:92",3.2651162790697676,4.0787286098914,5.874418604651162,3.7803682863071106,3.7670608360461673,3.655860465116279,3.3878930239327123,3.741042243048202
0,Indy500-2018,1154,159,"+:64,0:25,-:70",4.477987421383648,6.134471398622342,6.163522012578617,4.66095287914088,4.595187684515814,5.24314465408805,4.449050301745262,4.968542374904801
0,Indy500-2019,1128,185,"+:60,0:40,-:85",4.3621621621621625,5.786135681135682,6.556756756756757,4.908849495552923,4.896917135118992,4.7800540540540535,4.355241945964004,5.260123865991026
