,runid,trainsize,testsize,testdistribution,currank,avgrank,dice,lr,lsvc,lsvcl2,rf,lrbias,xgb
0,Indy500-2013,1290,231,"+:93,0:34,-:104",0.1471861471861472,0.2857142857142857,0.3939393939393939,0.5411255411255411,0.5844155844155844,0.45021645021645024,0.5367965367965368,0.5367965367965368,0.4935064935064935
0,Indy500-2014,1260,261,"+:76,0:44,-:141",0.1685823754789272,0.3563218390804598,0.42911877394636017,0.47509578544061304,0.4827586206896552,0.37547892720306514,0.42528735632183906,0.47126436781609193,0.44061302681992337
0,Indy500-2015,1290,231,"+:80,0:37,-:114",0.16017316017316016,0.33766233766233766,0.42857142857142855,0.5411255411255411,0.6103896103896104,0.4329004329004329,0.5108225108225108,0.5151515151515151,0.4675324675324675
0,Indy500-2016,1229,292,"+:108,0:46,-:138",0.15753424657534246,0.3082191780821918,0.4315068493150685,0.571917808219178,0.6267123287671232,0.4828767123287671,0.5924657534246576,0.5616438356164384,0.5205479452054794
0,Indy500-2017,1240,281,"+:86,0:67,-:128",0.23843416370106763,0.3274021352313167,0.3665480427046263,0.31316725978647686,0.37722419928825623,0.2597864768683274,0.5195729537366548,0.31316725978647686,0.4377224199288256
0,Indy500-2018,1296,225,"+:92,0:34,-:99",0.1511111111111111,0.28444444444444444,0.3422222222222222,0.5955555555555555,0.6311111111111111,0.4622222222222222,0.5777777777777777,0.6,0.5244444444444445
