,Year,Model,MAE,50-Risk,90-Risk
0,2018,selsel,4.7396921385376585,0.2528979340298157,0.233408850804085
1,2018,selall,120.21827320050261,0.9137275206664566,1.5921193367633033
2,2018,selnoshort,5.822170900692841,0.3387992513669892,0.23537486697084975
3,2018,allsel,6.48323254535459,0.34711615014891045,0.08859110075782148
4,2018,allall,121.0929815113983,0.9208081232798917,1.5706653269844046
5,2018,allnoshort,6.720134369095108,0.3917157507716144,0.1243050551504494
6,2018,noshortsel,6.717976910390324,0.35886113152094046,0.21575488611315208
7,2018,noshortall,121.3024591635254,0.9222126695597588,1.5896119435574116
8,2018,noshortnoshort,6.8723493596472816,0.40132240115694784,0.21795450645880823
