,model,accuracy,top1_accuracy,top5_accuracy,top5_precision
0,lstmts,0.4557766721945826,0.6887755102040817,0.5683673469387756,0.7948979591836735
1,simple,0.6511885019347706,0.8061224489795918,0.736734693877551,0.8918367346938776
