,model,accuracy,top1_accuracy,top5_accuracy,top5_precision
0,lstmts,0.6343283582089553,0.7857142857142857,0.7306122448979592,0.8765306122448979
1,simple,0.761746821448314,0.8826530612244898,0.823469387755102,0.9408163265306122
