,model,accuracy,top1_accuracy,top5_accuracy,top5_precision
0,lstmts,0.2943615257048093,0.5663265306122449,0.41734693877551016,0.6642857142857144
1,simple,0.2962962962962963,0.5969387755102041,0.42653061224489797,0.6846938775510204
