,model,accuracy,top1_accuracy,top5_accuracy,top5_precision
0,lstmts,0.29657269209508014,0.5663265306122449,0.4224489795918367,0.6632653061224489
1,simple,0.2962962962962963,0.5969387755102041,0.42653061224489797,0.6846938775510204
