,model,accuracy,top1_accuracy,top5_accuracy,top5_precision
0,lstmts,0.7446102819237148,0.8724489795918368,0.8040816326530612,0.9387755102040817
1,simple,0.761746821448314,0.8826530612244898,0.823469387755102,0.9408163265306122
