,model,accuracy,top1_accuracy,top5_accuracy,top5_precision
0,lstmts,0.37258153676064126,0.6020408163265306,0.45510204081632655,0.7183673469387755
1,simple,0.4508015478164732,0.6989795918367347,0.5714285714285714,0.7887755102040817
