,model,accuracy,top1_accuracy,top5_accuracy,top5_precision
0,lstmts,0.2935323383084577,0.5663265306122449,0.4153061224489796,0.6612244897959184
1,simple,0.2962962962962963,0.5969387755102041,0.42653061224489797,0.6846938775510204
