,model,accuracy,top1_accuracy,top5_accuracy,top5_precision
0,lstmts,0.6285240464344942,0.8061224489795918,0.7255102040816326,0.8846938775510204
1,simple,0.761746821448314,0.8826530612244898,0.823469387755102,0.9408163265306122
