,model,accuracy,top1_accuracy,top5_accuracy,top5_precision
0,lstmts,0.24930901050304036,0.49489795918367346,0.33163265306122447,0.6122448979591837
1,simple,0.2962962962962963,0.5969387755102041,0.42653061224489797,0.6846938775510204
