,model,accuracy,top1_accuracy,top5_accuracy,top5_precision
0,lstmts,0.2974018794914317,0.5714285714285714,0.42551020408163265,0.6632653061224489
1,simple,0.2962962962962963,0.5969387755102041,0.42653061224489797,0.6846938775510204
