,runid,trainsize,testsize,testdistribution,currank,avgrank,dice,lr,lrl1,lsvc,lsvcl2,rf,lrbias,xgb
0,stage0,153,652,"+:213,0:140,-:299",0.2147239263803681,0.30828220858895705,0.37116564417177916,0.5230061349693251,0.48773006134969327,0.5245398773006135,0.5214723926380368,0.4294478527607362,0.5107361963190185,0.3895705521472393
0,stage1,288,517,"+:164,0:123,-:230",0.2379110251450677,0.3152804642166344,0.3597678916827853,0.344294003868472,0.32495164410058025,0.3578336557059961,0.31721470019342357,0.5261121856866537,0.3365570599613153,0.4448742746615087
0,stage2,421,384,"+:113,0:103,-:168",0.2682291666666667,0.3020833333333333,0.34375,0.4583333333333333,0.453125,0.4479166666666667,0.3828125,0.5104166666666666,0.4557291666666667,0.4479166666666667
0,stage3,547,258,"+:70,0:87,-:101",0.3372093023255814,0.28294573643410853,0.32558139534883723,0.4573643410852713,0.4496124031007752,0.45348837209302323,0.38372093023255816,0.4186046511627907,0.44573643410852715,0.4263565891472868
0,stage4,657,148,"+:31,0:52,-:65",0.35135135135135137,0.32432432432432434,0.34459459459459457,0.42567567567567566,0.4527027027027027,0.4527027027027027,0.23648648648648649,0.46621621621621623,0.44594594594594594,0.4594594594594595
0,stage5,725,80,"+:18,0:29,-:33",0.3625,0.2625,0.2,0.575,0.5625,0.5375,0.25,0.5,0.575,0.5125
0,stage6,767,38,"+:6,0:16,-:16",0.42105263157894735,0.2894736842105263,0.2631578947368421,0.5789473684210527,0.5789473684210527,0.6052631578947368,0.39473684210526316,0.5263157894736842,0.5789473684210527,0.5
0,stage7,789,16,"+:2,0:6,-:8",0.375,0.3125,0.375,0.5,0.5,0.5625,0.375,0.5625,0.5,0.6875
