,runid,trainsize,testsize,testdistribution,currank,avgrank,dice,lasso,ridge,rf,svr,xgb
0,stage0,153,652,"+:213,0:140,-:299",-0.005978800632223891,-0.9762993924563435,-1.5471737604438283,-0.031195297177766257,0.05157382197345606,-0.21170688660947357,-0.014830627527262719,-0.44693119103868084
0,stage1,288,517,"+:164,0:123,-:230",-0.001960759243105681,-0.555674922541411,-1.8594748167574475,0.09624856570122631,0.11384040058657974,-0.07941963406421992,-0.017456721972855638,-0.07260329640190744
0,stage2,421,384,"+:113,0:103,-:168",-0.0038888194602699766,-0.40059804500900387,-2.126169770125927,0.14099012291714685,0.15878048873664508,0.04405622247869978,-0.00479876684966607,-0.02230097596592251
0,stage3,547,258,"+:70,0:87,-:101",-0.002020634270005317,-0.3572464854486641,-1.946517501144946,0.1103578182043824,0.13001478584976656,0.031027780175185926,-0.013479157694573196,-0.07709822923450349
0,stage4,657,148,"+:31,0:52,-:65",-0.05223835632945706,-0.2641501323668485,-2.115101122692856,0.060953082893906,0.06994292568188631,0.07481206844610466,-0.009697477163012724,0.015821557840413836
0,stage5,725,80,"+:18,0:29,-:33",-0.043872018430617166,-0.3405576846506284,-3.628309268932097,0.13534946566917117,0.08378499887209945,-0.07016631248634586,-0.00404409385274529,-0.21170867647671354
0,stage6,767,38,"+:6,0:16,-:16",-0.1055145462440299,-0.3121169716445893,-7.239108409321178,0.02513345546194412,-0.02299744804262205,-0.02242495295990743,-0.022906002931666336,-0.5093150792910328
0,stage7,789,16,"+:2,0:6,-:8",-0.27479674796747977,-0.7492566496035331,-12.502439024390243,-0.40555199549478393,-0.17933964018735948,-0.5777951219512196,-0.07508287880059239,-1.6561925984275083
