,runid,trainsize,testsize,testdistribution,currank,avgrank,dice,lasso,ridge,rf,svr,xgb
0,stage0,153,652,"+:213,0:140,-:299",4.3569632583206195,6.106830300600806,6.932961194197282,4.411232465695961,4.230495618170732,4.8064421557238175,4.376090209953203,5.2253263847599865
0,stage1,288,517,"+:164,0:123,-:230",3.9789095830414825,4.957904296306353,6.721742198404978,3.7788809797005296,3.7419216252070173,4.185231587730844,4.009559720033831,4.116785862080838
0,stage2,421,384,"+:113,0:103,-:168",3.8493776553273302,4.546785540603096,6.792880770826665,3.5607935208304373,3.5237280281284535,3.7880949752701114,3.851121841387254,3.8845176582481638
0,stage3,547,258,"+:70,0:87,-:101",3.5388212463973776,4.118600391525009,6.06840847301406,3.3344789246341278,3.2974348938830573,3.459451159588959,3.5589976765583926,3.6690020087472153
0,stage4,657,148,"+:31,0:52,-:65",3.093148487798083,3.3903382691670605,5.322060157901667,2.922048030288502,2.908027471358092,2.9150169208168673,3.0299770580818723,2.9914422870011586
0,stage5,725,80,"+:18,0:29,-:33",2.86574597618142,3.2475572545916096,6.03427709009124,2.6081608418964133,2.6848050884151404,2.8538443370303157,2.8105444359584157,3.087544118340634
0,stage6,767,38,"+:6,0:16,-:16",2.299885580677988,2.5055915525993826,6.2786186881812585,2.159715688078734,2.2123879016825705,2.4161675830690394,2.212289017477692,2.6872864062285826
0,stage7,789,16,"+:2,0:6,-:8",1.75,2.0499550676346514,5.695392874947259,1.837557904305854,1.6832050420942044,1.8239449004835646,1.607083891593283,2.5260814887149987
